""	"Cytisus"	"Lathyrus"	"L.corn."	"L.ped."	"Medicago"	"Ononis"	"Pisum"	"Trifolium"	"MeanDecreaseAccuracy"	"MeanDecreaseGini"
"Or_g6_3_2"	"0.0108"	"0.0025"	"0.01"	"0.0076"	"0.0136"	"0.0733"	"0.0144"	"0.0236"	"0.0187"	"1.1882"
"PMT_317_1_1"	"0.0024"	"9e-04"	"0.0099"	"0.0191"	"0.0311"	"0.0078"	"0.0824"	"5e-04"	"0.0196"	"1.0878"
"PMT_313_1_1"	"-0.0019"	"0.0012"	"0.0128"	"0.022"	"0.0333"	"0.0077"	"0.0601"	"-0.0029"	"0.018"	"0.8815"
"PMT_316_1_1"	"0.0013"	"0.001"	"0.0133"	"0.0214"	"0.0342"	"0.0074"	"0.0543"	"-0.0037"	"0.0178"	"0.861"
"PMT_611_1_1"	"0.0256"	"7e-04"	"0.0241"	"0.0059"	"0.039"	"0.0175"	"0.0208"	"0.0047"	"0.0184"	"0.8248"
"PMT_615_1_1"	"0.0245"	"8e-04"	"0.0255"	"0.0074"	"0.0408"	"0.0167"	"0.0213"	"0.003"	"0.0187"	"0.8203"
"PMT_609_1_1"	"0.0253"	"7e-04"	"0.0235"	"0.0073"	"0.0398"	"0.019"	"0.0219"	"0.005"	"0.0188"	"0.8121"
"PMT_614_1_1"	"0.027"	"5e-04"	"0.0262"	"0.0072"	"0.0372"	"0.0186"	"0.0212"	"0.0031"	"0.0182"	"0.7955"
"PMT_607_1_1"	"0.0253"	"8e-04"	"0.0247"	"0.008"	"0.037"	"0.0181"	"0.0197"	"0.0031"	"0.0178"	"0.7807"
"Or_g6_5_1"	"0.0055"	"3e-04"	"0.0052"	"0.0044"	"0.0059"	"0.0723"	"0.0062"	"0.0042"	"0.0113"	"0.7802"
"Or_g6_2_3"	"0.0041"	"-3e-04"	"0.0057"	"0.0039"	"0.0065"	"0.0714"	"0.0053"	"0.0048"	"0.0113"	"0.7746"
"PMT_605_1_1"	"0.0266"	"9e-04"	"0.0247"	"0.0073"	"0.0378"	"0.0182"	"0.0201"	"0.0037"	"0.0181"	"0.7744"
"PMT_612_1_1"	"0.0206"	"4e-04"	"0.0239"	"0.0069"	"0.0364"	"0.0169"	"0.0183"	"0.0062"	"0.0175"	"0.7523"
"PMT_613_1_1"	"0.0221"	"5e-04"	"0.0229"	"0.0055"	"0.0362"	"0.015"	"0.0188"	"0.0041"	"0.0167"	"0.733"
"PMT_309_1_1"	"0.0043"	"7e-04"	"0.003"	"0.0135"	"0.005"	"0.029"	"0.005"	"0.0035"	"0.0077"	"0.6737"
"PMT_308_1_1"	"0.0042"	"9e-04"	"0.0025"	"0.0122"	"0.0049"	"0.0272"	"0.0045"	"0.0029"	"0.0073"	"0.664"
"Control_g56_7_2"	"-0.0013"	"9e-04"	"0.0364"	"0.006"	"0.0154"	"0.0187"	"0.0104"	"0.0126"	"0.013"	"0.6486"
"PMT_306_1_1"	"0.0032"	"0.0011"	"0.0021"	"0.0117"	"0.0044"	"0.0264"	"0.0044"	"0.0033"	"0.0069"	"0.6348"
"Gr_g34_3_2"	"0.0089"	"0.0066"	"0.0332"	"0.006"	"0.0083"	"0.0059"	"0.0083"	"0.0063"	"0.0097"	"0.62"
"P450_g39_1_5"	"0.0094"	"4e-04"	"0.0048"	"0.0038"	"0.0042"	"0.0012"	"0.0445"	"-0.0026"	"0.0062"	"0.617"
"PMT_307_1_1"	"0.004"	"7e-04"	"8e-04"	"0.0144"	"0.0046"	"0.0229"	"0.005"	"0.0029"	"0.0069"	"0.6087"
"Or_g66_3_2"	"0.0037"	"2e-04"	"5e-04"	"0.0236"	"0.0043"	"0.0117"	"0.0147"	"0.0059"	"0.0081"	"0.5386"
"Or_g53_1_12"	"-0.0021"	"4e-04"	"0.0058"	"0.0104"	"0.003"	"0.0063"	"0.0318"	"0.0039"	"0.0069"	"0.5345"
"Or_g68_4_1"	"0.0087"	"6e-04"	"0.0077"	"0.0024"	"0.0342"	"0.0046"	"0.0147"	"0.0066"	"0.0128"	"0.5244"
"P450_g15_7_2"	"0.0034"	"2e-04"	"0.002"	"0.0245"	"0.0033"	"0.0021"	"0.0066"	"0.0019"	"0.0059"	"0.4907"
"Or_g52_3_1"	"0.0032"	"3e-04"	"0.0331"	"-0.0011"	"0.0037"	"0.0028"	"0.0043"	"0.0029"	"0.0054"	"0.4842"
"Or_g52_5_2"	"0.0035"	"7e-04"	"0.034"	"-6e-04"	"0.0037"	"0.0029"	"0.0036"	"0.0025"	"0.0057"	"0.4793"
"Or_g52_4_1"	"0.0028"	"3e-04"	"0.031"	"-0.001"	"0.003"	"0.0018"	"0.0034"	"0.0026"	"0.0048"	"0.4501"
"P450_g15_11_1"	"0.0035"	"2e-04"	"0.002"	"0.0204"	"0.0028"	"0.0015"	"0.0057"	"0.0019"	"0.005"	"0.4413"
"Control_g12_2_4"	"-0.0023"	"0.0019"	"-0.0013"	"0.0114"	"0.0069"	"0.0276"	"0.0066"	"0.0014"	"0.0069"	"0.4321"
"Control_g12_1_1"	"-3e-04"	"0.0025"	"-0.0011"	"0.0108"	"0.0067"	"0.0279"	"0.0062"	"0.0011"	"0.0067"	"0.4311"
"P450_g13_7_2"	"0.0081"	"6e-04"	"0.0051"	"0.0071"	"0.0095"	"0.0135"	"0.0073"	"0.0046"	"0.0071"	"0.4192"
"PMT_393_1_1"	"-0.0011"	"1e-04"	"-3e-04"	"0.0172"	"0.0057"	"0.0053"	"0.0111"	"0.0064"	"0.0064"	"0.4162"
"Control_g208_1_1"	"0.0026"	"9e-04"	"0.0031"	"0.0022"	"0.0028"	"0.0247"	"0.0024"	"0.0025"	"0.0048"	"0.4136"
"P450_g15_6_2"	"0.0047"	"1e-04"	"0.0016"	"0.0195"	"0.003"	"0.0018"	"0.0045"	"0.0021"	"0.0049"	"0.4057"
"Control_g208_4_2"	"0.0026"	"9e-04"	"0.0028"	"0.0016"	"0.0028"	"0.0215"	"0.0029"	"0.0019"	"0.0042"	"0.4015"
"Or_g62_6_1"	"0.008"	"5e-04"	"0.0263"	"0.0026"	"0.0043"	"0.0033"	"0.0089"	"0.0035"	"0.0061"	"0.395"
"Or_g63_1_8"	"0.0092"	"7e-04"	"0.0269"	"0.0013"	"0.0011"	"-1e-04"	"0.0068"	"0.0049"	"0.005"	"0.3858"
"P450_g13_5_1"	"0.0048"	"1e-04"	"0.0045"	"0.0098"	"0.0078"	"0.0108"	"0.0031"	"9e-04"	"0.0055"	"0.3817"
"Or_g62_4_1"	"0.0071"	"8e-04"	"0.0228"	"0.0024"	"0.0049"	"-1e-04"	"0.008"	"0.0027"	"0.0054"	"0.3629"
"Or_g63_6_1"	"0.0107"	"5e-04"	"0.0254"	"0.0022"	"2e-04"	"-2e-04"	"0.0061"	"0.0029"	"0.0044"	"0.3531"
"Or_g63_5_2"	"0.0109"	"7e-04"	"0.0213"	"0.0021"	"6e-04"	"-3e-04"	"0.0059"	"0.002"	"0.004"	"0.3433"
"Or_g41_1_5"	"0.0127"	"2e-04"	"0.0191"	"0.0019"	"0.0029"	"0.0015"	"0.0031"	"0.0029"	"0.0045"	"0.3406"
"Or_g41_3_1"	"0.012"	"2e-04"	"0.0199"	"0.002"	"0.0029"	"0.0018"	"0.0029"	"0.0026"	"0.0046"	"0.3397"
"PMT_304_1_1"	"0.0019"	"1e-04"	"-8e-04"	"0.014"	"0.0032"	"0.0014"	"0.0027"	"0.0018"	"0.0036"	"0.336"
"P450_g13_6_2"	"0.0048"	"2e-04"	"4e-04"	"0.0064"	"0.0105"	"0.0088"	"0.0049"	"0.003"	"0.0055"	"0.3344"
"PMT_590_1_1"	"0.0037"	"4e-04"	"0.0295"	"0.0037"	"9e-04"	"0.0027"	"0.0053"	"-6e-04"	"0.0046"	"0.3322"
"Or_g41_4_2"	"0.0097"	"0"	"0.0184"	"0.0017"	"0.003"	"0.0012"	"0.0034"	"0.0022"	"0.0043"	"0.3252"
"Or_g63_4_1"	"0.0092"	"4e-04"	"0.0221"	"0.0016"	"9e-04"	"-1e-04"	"0.0064"	"0.0017"	"0.004"	"0.325"
"P450_g22_4_4"	"0.0151"	"1e-04"	"0.0144"	"5e-04"	"0.003"	"0.0017"	"0.0022"	"-7e-04"	"0.0033"	"0.3226"
"Or_g63_2_3"	"0.0093"	"7e-04"	"0.0202"	"0.0021"	"8e-04"	"-2e-04"	"0.0063"	"0.0037"	"0.0041"	"0.319"
"Or_g55_1_1"	"0.0025"	"2e-04"	"0.0257"	"-5e-04"	"0.0027"	"0.0019"	"0.002"	"0"	"0.0037"	"0.3181"
"PMT_591_1_1"	"0.0053"	"4e-04"	"0.0272"	"6e-04"	"0.0025"	"0.0028"	"0.0044"	"4e-04"	"0.0045"	"0.3101"
"PMT_616_1_1"	"-8e-04"	"6e-04"	"0.0087"	"0.0017"	"0.0081"	"2e-04"	"0.0048"	"0.0055"	"0.0045"	"0.309"
"Gr_g2_2_2"	"0.0162"	"0"	"0"	"0.009"	"0.004"	"0.0011"	"0.0048"	"0.0028"	"0.0041"	"0.2946"
"Or_g65_3_1"	"0.0023"	"2e-04"	"0.0161"	"0.0019"	"0.0039"	"0.0024"	"0.0052"	"-5e-04"	"0.0036"	"0.2915"
"Control_g121_2_1"	"0.0056"	"0.0013"	"0.0076"	"0.0067"	"0.0092"	"0.0029"	"-0.0011"	"0.0015"	"0.0047"	"0.2912"
"Or_g62_5_1"	"0.0061"	"5e-04"	"0.0172"	"0.0032"	"0.0041"	"4e-04"	"0.0086"	"0.001"	"0.0044"	"0.291"
"Control_g121_3_5"	"0.0048"	"0.0015"	"0.0083"	"0.0062"	"0.0097"	"0.0026"	"-0.001"	"0.0014"	"0.0049"	"0.2872"
"ApisSNMP_g9_1_16"	"-9e-04"	"0"	"-4e-04"	"0.0031"	"-9e-04"	"0.0063"	"0.0082"	"0.0047"	"0.0024"	"0.2837"
"OBP_g5_4_1"	"0.0146"	"0"	"0.0021"	"0.0053"	"1e-04"	"0.0011"	"0.0035"	"0.0043"	"0.0029"	"0.2827"
"Gr_g2_3_2"	"0.0157"	"0"	"-1e-04"	"0.0084"	"0.0042"	"0.0011"	"0.0044"	"0.0029"	"0.0039"	"0.2824"
"Gr_g2_1_6"	"0.0019"	"3e-04"	"-3e-04"	"0.0157"	"0.0014"	"9e-04"	"0.0035"	"0.0016"	"0.0034"	"0.2797"
"P450_g14_1_1"	"0.0018"	"1e-04"	"0.0022"	"0.0061"	"0.0073"	"0.0017"	"0.0068"	"0.0014"	"0.0039"	"0.2781"
"Or_g60_4_1"	"0.0024"	"0.02"	"0.0028"	"0.0027"	"0.0015"	"0.002"	"0.0018"	"0.002"	"0.0038"	"0.2754"
"PMT_18_1_1"	"0.0119"	"1e-04"	"0.0014"	"0.0049"	"7e-04"	"8e-04"	"0.0029"	"0.004"	"0.0026"	"0.273"
"Or_g51_1_12"	"0.0016"	"1e-04"	"-9e-04"	"0.0122"	"0.0033"	"5e-04"	"0.0027"	"0.0016"	"0.0032"	"0.2725"
"P450_g14_8_2"	"9e-04"	"0"	"0.0024"	"0.0059"	"0.0069"	"0.0016"	"0.0051"	"0.0017"	"0.0037"	"0.2668"
"PMT_21_1_1"	"0.0144"	"0"	"0.0015"	"0.0043"	"5e-04"	"0.001"	"0.0037"	"0.0041"	"0.0026"	"0.2649"
"Gr_g42_3_1"	"0.0019"	"0.0219"	"0.0023"	"0.0012"	"0.0024"	"0.0021"	"0.0019"	"0.0015"	"0.0039"	"0.2628"
"OBP_g5_5_1"	"0.0142"	"0"	"0.0019"	"0.0054"	"2e-04"	"8e-04"	"0.0043"	"0.0034"	"0.0027"	"0.2627"
"Gr_g76_2_3"	"0.0013"	"0.0235"	"0.0022"	"0.0019"	"0.002"	"0.0021"	"0.0018"	"0.0016"	"0.0041"	"0.2619"
"PMT_289_1_1"	"0.0016"	"0.0231"	"0.0024"	"3e-04"	"0.0022"	"0.0018"	"0.0025"	"0.0013"	"0.0038"	"0.261"
"P450_g13_4_3"	"0.0026"	"0"	"0.0025"	"1e-04"	"0.0035"	"0.0203"	"0.0021"	"4e-04"	"0.0034"	"0.2574"
"PMT_596_1_1"	"0.004"	"0"	"0.0146"	"8e-04"	"0.0036"	"0.0018"	"0.0046"	"-8e-04"	"0.003"	"0.2563"
"Gr_g60_1_8"	"0.0015"	"0.0203"	"0.0012"	"0.0016"	"0.0024"	"0.0021"	"0.002"	"0.0019"	"0.0037"	"0.2547"
"PMT_20_1_1"	"0.0133"	"0"	"0.002"	"0.0048"	"-1e-04"	"7e-04"	"0.0034"	"0.0034"	"0.0025"	"0.2539"
"Gr_g42_5_1"	"0.0023"	"0.0222"	"0.0023"	"9e-04"	"0.0023"	"0.0017"	"0.0022"	"0.0015"	"0.0037"	"0.2536"
"PMT_236_1_1"	"0.0022"	"0.0204"	"0.0027"	"0.0013"	"0.0021"	"0.0027"	"0.0028"	"5e-04"	"0.0038"	"0.2535"
"P450_g11_6_1"	"0.0016"	"0.024"	"0.0025"	"0.0015"	"0.002"	"0.0025"	"0.0022"	"0.0015"	"0.0041"	"0.2527"
"PMT_593_1_1"	"0.003"	"3e-04"	"0.023"	"-5e-04"	"0.0015"	"0.0024"	"0.0031"	"-5e-04"	"0.0032"	"0.2518"
"Gr_g21_1_11"	"0.0033"	"-2e-04"	"4e-04"	"0.0029"	"0.001"	"2e-04"	"0.019"	"-0.0011"	"0.0024"	"0.2508"
"OBP_g5_6_1"	"0.0094"	"0"	"0.0019"	"0.0053"	"-2e-04"	"7e-04"	"0.003"	"0.0031"	"0.0022"	"0.2496"
"PMT_23_1_1"	"0.0109"	"0"	"0.0015"	"0.0031"	"7e-04"	"0.0011"	"0.0032"	"0.0034"	"0.0023"	"0.2486"
"Control_g86_4_2"	"0.0022"	"0.0225"	"0.0022"	"0.0018"	"0.0022"	"0.0018"	"0.0022"	"0.0013"	"0.004"	"0.2477"
"PMT_649_1_2"	"0.0011"	"0.0231"	"0.0017"	"0.0017"	"0.0021"	"0.0019"	"0.002"	"0.0012"	"0.0038"	"0.2474"
"Or_g21_2_1"	"9e-04"	"1e-04"	"0.0022"	"1e-04"	"-4e-04"	"0.0096"	"0.014"	"0.001"	"0.0026"	"0.2434"
"Gr_g36_4_2"	"0.0011"	"0.0225"	"0.002"	"0.0014"	"0.0018"	"0.0022"	"0.0024"	"0.0014"	"0.0039"	"0.242"
"Or_g21_1_5"	"0.0021"	"1e-04"	"0.0018"	"2e-04"	"-5e-04"	"0.0102"	"0.0119"	"4e-04"	"0.0023"	"0.2415"
"Gr_g73_5_1"	"0.0013"	"0.0221"	"0.0016"	"0.0017"	"0.002"	"0.0019"	"0.0014"	"0.0015"	"0.0038"	"0.2411"
"P450_g11_3_2"	"0.0025"	"0.0224"	"0.002"	"0.0016"	"0.0018"	"0.0017"	"0.0022"	"0.0015"	"0.0039"	"0.2408"
"Gr_g76_4_2"	"0.0014"	"0.0222"	"0.0016"	"0.0014"	"0.0019"	"0.0024"	"0.0021"	"0.0018"	"0.0038"	"0.2404"
"Gr_g42_2_5"	"0.0017"	"0.0207"	"0.0019"	"0.0011"	"0.0023"	"0.0019"	"0.0021"	"0.0012"	"0.0036"	"0.2395"
"Control_g120_4_3"	"-7e-04"	"2e-04"	"0.0025"	"0.0051"	"0.0061"	"0.0018"	"0.0065"	"-0.0012"	"0.0031"	"0.238"
"Control_g120_5_4"	"4e-04"	"0"	"0.0028"	"0.0043"	"0.0042"	"0.0014"	"0.0083"	"-0.001"	"0.0026"	"0.2376"
"Or_g65_5_1"	"0.0035"	"0"	"0.0146"	"9e-04"	"0.0029"	"0.0026"	"0.0042"	"3e-04"	"0.0031"	"0.2375"
"PMT_402_1_1"	"0.0033"	"0"	"0.0015"	"-2e-04"	"0.0032"	"0"	"0.0041"	"0.0036"	"0.0021"	"0.2368"
"PMT_642_1_10"	"0.0018"	"0.0221"	"0.0022"	"0.0015"	"0.0017"	"0.0014"	"0.0013"	"0.001"	"0.0034"	"0.2356"
"PMT_17_1_1"	"0.0109"	"0"	"0.0015"	"0.0044"	"5e-04"	"6e-04"	"0.0032"	"0.0039"	"0.0025"	"0.2355"
"PMT_239_1_1"	"0.0015"	"0.02"	"0.0017"	"0.0021"	"0.002"	"0.0019"	"0.0025"	"6e-04"	"0.0035"	"0.2332"
"P450_g13_1_4"	"0.0028"	"2e-04"	"0.0029"	"9e-04"	"8e-04"	"0.0185"	"0.0022"	"6e-04"	"0.0028"	"0.2331"
"PMT_19_1_1"	"0.0101"	"0"	"0.0016"	"0.0047"	"4e-04"	"0.001"	"0.0037"	"0.0035"	"0.0024"	"0.2315"
"Or_g20_1_5"	"0.0021"	"2e-04"	"0.0017"	"7e-04"	"-7e-04"	"0.0117"	"0.0114"	"-6e-04"	"0.0023"	"0.2274"
"Control_g155_2_1"	"0.0013"	"1e-04"	"9e-04"	"0.001"	"0.0018"	"4e-04"	"0.0018"	"0.0075"	"0.0022"	"0.2273"
"PMT_403_1_1"	"0.0023"	"0"	"0.0014"	"0"	"0.0037"	"-1e-04"	"0.0044"	"0.0046"	"0.0024"	"0.2271"
"Control_g129_14_6"	"0.0017"	"0.0207"	"0.0019"	"0.0014"	"0.0018"	"0.0019"	"0.0012"	"0.001"	"0.0034"	"0.2265"
"Or_g21_4_1"	"0.0011"	"3e-04"	"0.002"	"-1e-04"	"0"	"0.0083"	"0.0123"	"0.001"	"0.0024"	"0.2244"
"Or_g60_5_1"	"0.0016"	"0.0177"	"0.0014"	"0.0016"	"0.0021"	"0.0018"	"0.0015"	"9e-04"	"0.0032"	"0.2241"
"Or_g21_3_1"	"0.003"	"1e-04"	"0.0016"	"3e-04"	"-7e-04"	"0.0102"	"0.0123"	"5e-04"	"0.0023"	"0.2239"
"Control_g154_2_5"	"0.0016"	"1e-04"	"0.0013"	"0.0012"	"0.0014"	"6e-04"	"0.002"	"0.0084"	"0.0024"	"0.2231"
"P450_g11_1_6"	"0.0017"	"0.0206"	"0.0019"	"0.0014"	"0.0017"	"0.0017"	"0.0018"	"0.0013"	"0.0035"	"0.2229"
"Control_g121_1_2"	"0.0037"	"4e-04"	"0.0043"	"0.0044"	"0.0088"	"4e-04"	"-3e-04"	"0.0011"	"0.0036"	"0.222"
"Or_g54_1_12"	"0.0019"	"0.0202"	"0.0019"	"0.0016"	"0.0016"	"0.0012"	"0.0017"	"0.0011"	"0.0034"	"0.2215"
"Gr_g67_3_1"	"7e-04"	"0.0199"	"0.0016"	"0.0014"	"0.0016"	"0.0025"	"0.0023"	"0.0013"	"0.0033"	"0.2211"
"Or_g74_1_13"	"8e-04"	"0.0174"	"0.0022"	"0.0011"	"0.0016"	"0.0017"	"0.0017"	"0.0012"	"0.003"	"0.2209"
"OBP_g5_2_1"	"0.0132"	"0"	"0.0019"	"0.0045"	"-1e-04"	"0.0011"	"0.0026"	"0.0029"	"0.0023"	"0.2209"
"P450_g14_5_1"	"0.0013"	"0"	"0.0019"	"0.0055"	"0.004"	"0.001"	"0.0053"	"0.001"	"0.0028"	"0.2197"
"PMT_359_1_1"	"7e-04"	"0.0196"	"0.0015"	"0.0015"	"0.0021"	"0.0015"	"0.0014"	"0.0013"	"0.0034"	"0.2133"
"Or_g20_2_1"	"0.0012"	"2e-04"	"0.002"	"-4e-04"	"-5e-04"	"0.0127"	"0.009"	"4e-04"	"0.0022"	"0.2133"
"P450_g14_2_3"	"7e-04"	"0"	"0.0024"	"0.0033"	"0.0028"	"0.0013"	"0.0051"	"0.0016"	"0.0023"	"0.2128"
"Control_g86_1_1"	"0.0013"	"0.0201"	"0.0013"	"0.0013"	"0.0018"	"0.0015"	"0.0017"	"0.0013"	"0.0033"	"0.2127"
"Gr_g42_4_2"	"0.0021"	"0.0183"	"0.0016"	"0.001"	"0.0018"	"0.0019"	"0.0017"	"0.0012"	"0.0032"	"0.2104"
"PMT_257_1_1"	"0.0195"	"0"	"0.0014"	"7e-04"	"7e-04"	"5e-04"	"-6e-04"	"9e-04"	"0.0014"	"0.2103"
"P450_g15_3_1"	"0.001"	"0"	"9e-04"	"0.0037"	"0.0027"	"0.0017"	"0.0058"	"0.0015"	"0.0023"	"0.2096"
"P450_g14_9_2"	"0.0021"	"1e-04"	"0.0018"	"0.0042"	"0.0028"	"0.0014"	"0.0045"	"0.0024"	"0.0025"	"0.2083"
"Control_g190_4_2"	"1e-04"	"1e-04"	"2e-04"	"0.0026"	"8e-04"	"0.0028"	"0.0037"	"0.0063"	"0.0022"	"0.2081"
"PMT_502_1_1"	"0.001"	"0"	"0.0014"	"8e-04"	"0.0012"	"0.0086"	"0.0013"	"8e-04"	"0.0018"	"0.208"
"Gr_g60_2_3"	"0.0021"	"0.0169"	"0.0018"	"3e-04"	"0.0016"	"0.0016"	"0.0018"	"9e-04"	"0.0029"	"0.2079"
"PMT_258_1_1"	"0.0196"	"1e-04"	"0.0016"	"4e-04"	"5e-04"	"3e-04"	"7e-04"	"5e-04"	"0.0015"	"0.2078"
"PMT_235_1_1"	"0.0016"	"0.0177"	"0.0019"	"0.0013"	"0.0017"	"0.0011"	"0.0025"	"8e-04"	"0.0031"	"0.2077"
"PMT_249_1_1"	"8e-04"	"2e-04"	"0.0011"	"0.001"	"0.0013"	"0.0078"	"0.0017"	"5e-04"	"0.0017"	"0.2065"
"P450_g11_4_4"	"0.001"	"0.0194"	"0.0018"	"0.0012"	"0.0017"	"0.0012"	"0.0017"	"0.0013"	"0.0033"	"0.2052"
"P450_g11_5_2"	"0.0012"	"0.019"	"0.0021"	"0.0014"	"0.0016"	"0.0017"	"0.0017"	"0.0013"	"0.0034"	"0.2045"
"Control_g82_17_3"	"0.0023"	"0.0035"	"0.0053"	"0.0016"	"0.0027"	"0.0016"	"0.0022"	"0.002"	"0.0026"	"0.2032"
"PMT_501_1_1"	"0.0015"	"3e-04"	"0.001"	"6e-04"	"0.0013"	"0.0079"	"0.001"	"0.001"	"0.0017"	"0.2031"
"Gr_g76_5_2"	"0.0018"	"0.0187"	"0.0018"	"0.0013"	"0.0012"	"0.0018"	"0.0014"	"0.0011"	"0.0031"	"0.2026"
"Gr_g76_1_1"	"0.0013"	"0.018"	"0.0015"	"0.0012"	"0.002"	"0.0021"	"0.0011"	"0.0011"	"0.0032"	"0.2025"
"P450_g14_7_2"	"0.0011"	"0"	"0.002"	"0.0033"	"0.0027"	"9e-04"	"0.0063"	"0.0017"	"0.0023"	"0.2023"
"Gr_g73_4_1"	"0.0013"	"0.0183"	"0.0014"	"0.001"	"0.0016"	"0.002"	"0.0015"	"0.0012"	"0.0031"	"0.201"
"P450_g14_6_2"	"-0.001"	"0"	"0.0021"	"0.0041"	"0.0022"	"0.0012"	"0.0045"	"0.0017"	"0.0022"	"0.1985"
"Gr_g33_3_2"	"0.0168"	"0"	"0.0018"	"-3e-04"	"9e-04"	"6e-04"	"-1e-04"	"6e-04"	"0.0013"	"0.1984"
"PMT_500_1_1"	"0.001"	"0"	"9e-04"	"8e-04"	"0.001"	"0.0085"	"0.001"	"5e-04"	"0.0016"	"0.1983"
"Control_g86_5_3"	"0.0014"	"0.0179"	"0.0014"	"0.001"	"0.0015"	"0.0015"	"0.0016"	"9e-04"	"0.003"	"0.1976"
"Control_g154_1_1"	"7e-04"	"1e-04"	"0.0012"	"8e-04"	"0.0015"	"3e-04"	"0.0019"	"0.0062"	"0.0019"	"0.1965"
"P450_g11_2_2"	"8e-04"	"0.0172"	"0.0014"	"0.002"	"0.0015"	"0.0013"	"0.0017"	"0.0012"	"0.0031"	"0.1952"
"Gr_g31_1_5"	"7e-04"	"1e-04"	"7e-04"	"9e-04"	"9e-04"	"0.0073"	"9e-04"	"7e-04"	"0.0014"	"0.1935"
"Control_g49_4_3"	"0.0013"	"0.0138"	"0.0023"	"0.0014"	"0.0011"	"-0.0015"	"0.0013"	"0.0011"	"0.0022"	"0.1934"
"PMT_594_1_1"	"0.0023"	"0"	"0.0151"	"0"	"0.0014"	"0.0018"	"0.0032"	"-0.001"	"0.0022"	"0.1932"
"Control_g49_1_1"	"0.0021"	"0.0138"	"0.0024"	"0.0012"	"0.0011"	"-0.0011"	"0.0024"	"0.0013"	"0.0025"	"0.1888"
"P450_g39_2_4"	"0.0024"	"0.0016"	"0.006"	"2e-04"	"0"	"0.0013"	"0.007"	"2e-04"	"0.0017"	"0.1864"
"Or_g7_1_13"	"0.0014"	"6e-04"	"0.0012"	"0.0022"	"0.0065"	"-1e-04"	"0.0062"	"3e-04"	"0.0028"	"0.1857"
"Gr_g33_1_2"	"0.0187"	"0"	"0.0011"	"3e-04"	"7e-04"	"4e-04"	"3e-04"	"3e-04"	"0.0013"	"0.1847"
"Control_g188_6_3"	"0.0156"	"0"	"3e-04"	"9e-04"	"0.0025"	"0.0026"	"0.0028"	"0.0017"	"0.0023"	"0.1832"
"PMT_499_1_1"	"0.0012"	"1e-04"	"0.0011"	"0.0011"	"0.001"	"0.0078"	"0.0014"	"7e-04"	"0.0016"	"0.1824"
"PMT_260_1_1"	"0.0172"	"0"	"0.0017"	"4e-04"	"5e-04"	"2e-04"	"6e-04"	"6e-04"	"0.0014"	"0.1807"
"P450_g39_4_2"	"0.0035"	"0.0017"	"0.0055"	"0"	"9e-04"	"0.001"	"0.0078"	"4e-04"	"0.0019"	"0.1798"
"PMT_377_1_1"	"-4e-04"	"1e-04"	"6e-04"	"0.0043"	"0.0011"	"4e-04"	"0.0011"	"0.0013"	"0.0013"	"0.1796"
"Control_g86_7_4"	"0.0017"	"0.017"	"0.0015"	"0.0014"	"0.0014"	"0.0017"	"8e-04"	"0.0011"	"0.0029"	"0.1795"
"Control_g86_3_2"	"8e-04"	"0.0169"	"0.0015"	"8e-04"	"0.0014"	"0.0015"	"0.0013"	"9e-04"	"0.0027"	"0.1792"
"PMT_358_1_1"	"0.0013"	"0.0154"	"0.0014"	"9e-04"	"0.0014"	"0.001"	"0.0011"	"7e-04"	"0.0025"	"0.1773"
"Control_g188_9_1"	"0.015"	"0"	"-4e-04"	"4e-04"	"0.0027"	"0.0019"	"0.0025"	"0.0016"	"0.002"	"0.1757"
"P450_g15_9_1"	"0.0013"	"0"	"0.001"	"0.0036"	"0.0013"	"0.0015"	"0.0037"	"0.0022"	"0.0019"	"0.1741"
"Control_g49_5_1"	"0.001"	"0.0119"	"0.0019"	"0.0014"	"0.001"	"-0.0013"	"0.0016"	"7e-04"	"0.0021"	"0.1692"
"PMT_259_1_1"	"0.0148"	"0"	"0.0015"	"3e-04"	"2e-04"	"3e-04"	"4e-04"	"6e-04"	"0.0012"	"0.1679"
"PMT_401_1_1"	"0.0027"	"1e-04"	"9e-04"	"-5e-04"	"0.0019"	"-2e-04"	"-2e-04"	"0.0039"	"0.0013"	"0.1666"
"Or_g7_3_2"	"6e-04"	"0.0022"	"0.0016"	"0.0043"	"0.0025"	"5e-04"	"0.0034"	"-3e-04"	"0.0019"	"0.1568"
"Control_g188_4_1"	"0.0143"	"0"	"-1e-04"	"4e-04"	"0.002"	"0.0013"	"0.0021"	"0.0017"	"0.0019"	"0.153"
"PMT_617_1_1"	"-4e-04"	"2e-04"	"0.0051"	"9e-04"	"0.0036"	"2e-04"	"-4e-04"	"0.001"	"0.0016"	"0.1506"
"PMT_256_1_1"	"0.0206"	"0"	"8e-04"	"6e-04"	"8e-04"	"1e-04"	"3e-04"	"8e-04"	"0.0015"	"0.1499"
"Control_g133_3_2"	"-9e-04"	"0"	"0.0011"	"2e-04"	"0.0036"	"1e-04"	"0.0025"	"0.0013"	"0.0014"	"0.1455"
"P450_g24_1_9"	"0.019"	"0"	"2e-04"	"3e-04"	"4e-04"	"1e-04"	"3e-04"	"1e-04"	"0.0011"	"0.1434"
"Gr_g36_5_1"	"0.0018"	"0.0119"	"0.0017"	"8e-04"	"0.0015"	"0.0014"	"0.0017"	"1e-04"	"0.0022"	"0.1425"
"P450_g24_4_2"	"0.0195"	"0"	"2e-04"	"4e-04"	"4e-04"	"1e-04"	"7e-04"	"3e-04"	"0.0013"	"0.1416"
"PMT_398_1_1"	"0.0015"	"0"	"9e-04"	"0"	"0.0022"	"-1e-04"	"-5e-04"	"0.0033"	"0.0012"	"0.1412"
"PMT_395_1_1"	"0.0033"	"0"	"0.0011"	"-2e-04"	"0.0012"	"0"	"-1e-04"	"0.0031"	"0.0011"	"0.1407"
"Or_g64_2_2"	"-8e-04"	"-1e-04"	"2e-04"	"0.0015"	"7e-04"	"1e-04"	"0.0029"	"0.0031"	"0.0011"	"0.1405"
"Gr_g36_2_1"	"3e-04"	"0"	"4e-04"	"3e-04"	"8e-04"	"1e-04"	"0.0016"	"0.0049"	"0.0013"	"0.1405"
"PMT_400_1_1"	"0.0023"	"0"	"9e-04"	"-2e-04"	"0.0014"	"-1e-04"	"3e-04"	"0.0034"	"0.0011"	"0.1394"
"Or_g65_6_1"	"4e-04"	"0"	"1e-04"	"0"	"0.0016"	"7e-04"	"0.0032"	"0.0015"	"0.001"	"0.1383"
"Control_g132_1_1"	"0.0022"	"0.01"	"0.001"	"0.001"	"2e-04"	"9e-04"	"0.0011"	"7e-04"	"0.0018"	"0.1374"
"P450_g24_3_7"	"0.019"	"0"	"3e-04"	"4e-04"	"3e-04"	"0"	"6e-04"	"3e-04"	"0.0012"	"0.1351"
"Gr_g31_2_2"	"0.0014"	"0"	"7e-04"	"-8e-04"	"8e-04"	"0.0045"	"0.0013"	"6e-04"	"9e-04"	"0.1335"
"Or_g74_3_1"	"0.0013"	"0.0036"	"8e-04"	"5e-04"	"0.0014"	"8e-04"	"0.0023"	"3e-04"	"0.0012"	"0.1321"
"P450_g24_2_7"	"0.0198"	"0"	"3e-04"	"1e-04"	"4e-04"	"0"	"6e-04"	"3e-04"	"0.0012"	"0.1317"
"Control_g120_3_3"	"5e-04"	"3e-04"	"0.003"	"0.0036"	"0.0021"	"0.0011"	"-1e-04"	"-7e-04"	"0.0014"	"0.1315"
"IR_g8_1_12"	"3e-04"	"0"	"0"	"0.0025"	"0.0031"	"5e-04"	"0.0031"	"-6e-04"	"0.0013"	"0.1289"
"PMT_399_1_1"	"0.0029"	"0"	"4e-04"	"-3e-04"	"0.0019"	"-1e-04"	"-5e-04"	"0.0029"	"0.0011"	"0.1251"
"PMT_396_1_1"	"0.0021"	"0"	"9e-04"	"-2e-04"	"0.0017"	"-1e-04"	"-7e-04"	"0.0026"	"0.001"	"0.1218"
"Or_g49_1_13"	"8e-04"	"0.0071"	"9e-04"	"6e-04"	"7e-04"	"6e-04"	"6e-04"	"5e-04"	"0.0014"	"0.1175"
"Gr_g50_4_1"	"0.0157"	"0"	"7e-04"	"2e-04"	"-3e-04"	"1e-04"	"3e-04"	"4e-04"	"9e-04"	"0.1166"
"Or_g61_5_2"	"3e-04"	"0"	"4e-04"	"1e-04"	"-3e-04"	"2e-04"	"0.0041"	"0.0029"	"8e-04"	"0.1146"
"PMT_397_1_1"	"0.0017"	"0"	"7e-04"	"-2e-04"	"0.0015"	"1e-04"	"-3e-04"	"0.0031"	"0.001"	"0.1139"
"PMT_299_1_1"	"0.0158"	"0"	"3e-04"	"3e-04"	"-4e-04"	"2e-04"	"8e-04"	"2e-04"	"8e-04"	"0.1116"
"PMT_301_1_1"	"0.0121"	"0"	"4e-04"	"3e-04"	"-1e-04"	"2e-04"	"2e-04"	"2e-04"	"7e-04"	"0.1107"
"Control_g133_4_2"	"2e-04"	"0"	"0.0011"	"1e-04"	"0.0013"	"0"	"0.0023"	"0.0016"	"0.001"	"0.11"
"Or_g61_4_1"	"-1e-04"	"1e-04"	"4e-04"	"1e-04"	"-2e-04"	"2e-04"	"0.0034"	"0.0018"	"6e-04"	"0.1098"
"Gr_g50_3_1"	"0.0141"	"0"	"1e-04"	"4e-04"	"-3e-04"	"3e-04"	"9e-04"	"3e-04"	"8e-04"	"0.1054"
"Control_g120_1_2"	"3e-04"	"0"	"0.002"	"0.002"	"0.0014"	"4e-04"	"5e-04"	"-0.0013"	"7e-04"	"0.102"
"Or_g49_3_2"	"3e-04"	"0.0056"	"0.0012"	"6e-04"	"8e-04"	"7e-04"	"9e-04"	"2e-04"	"0.0012"	"0.0992"
"Control_g133_2_1"	"-3e-04"	"0"	"0.0016"	"-1e-04"	"0.0017"	"0"	"0.0028"	"0.0011"	"0.001"	"0.0946"
"Control_g72_2_1"	"4e-04"	"0.001"	"0"	"0"	"1e-04"	"-1e-04"	"0.0017"	"0.001"	"4e-04"	"0.0941"
"Gr_g77_3_1"	"3e-04"	"0"	"4e-04"	"0.0035"	"6e-04"	"2e-04"	"5e-04"	"4e-04"	"9e-04"	"0.0935"
"PS_g2_2_3"	"-5e-04"	"0"	"9e-04"	"8e-04"	"1e-04"	"0"	"0.001"	"0.0023"	"7e-04"	"0.0914"
"Control_g120_2_2"	"0"	"5e-04"	"0.0019"	"0.0014"	"9e-04"	"4e-04"	"7e-04"	"0"	"8e-04"	"0.0905"
"Or_g75_3_2"	"5e-04"	"0"	"-4e-04"	"-2e-04"	"0.001"	"4e-04"	"0.0016"	"0.0018"	"7e-04"	"0.0863"
"Or_g74_5_1"	"3e-04"	"0.0037"	"7e-04"	"5e-04"	"7e-04"	"7e-04"	"0.0019"	"-3e-04"	"8e-04"	"0.0847"
"PMT_130_1_1"	"3e-04"	"0"	"3e-04"	"0.0026"	"6e-04"	"2e-04"	"7e-04"	"2e-04"	"7e-04"	"0.0801"
"Or_g49_5_1"	"7e-04"	"0.0048"	"4e-04"	"4e-04"	"7e-04"	"3e-04"	"6e-04"	"6e-04"	"0.001"	"0.0795"
"PMT_131_1_1"	"2e-04"	"0"	"2e-04"	"0.0029"	"6e-04"	"3e-04"	"6e-04"	"3e-04"	"7e-04"	"0.0774"
"PMT_229_1_1"	"0"	"0"	"6e-04"	"2e-04"	"4e-04"	"0"	"2e-04"	"0.0019"	"5e-04"	"0.0774"
"PMT_129_1_1"	"1e-04"	"0"	"1e-04"	"0.0027"	"5e-04"	"0"	"9e-04"	"1e-04"	"6e-04"	"0.077"
"Or_g49_4_2"	"8e-04"	"0.0044"	"5e-04"	"4e-04"	"5e-04"	"3e-04"	"4e-04"	"3e-04"	"9e-04"	"0.0767"
"PMT_621_1_1"	"2e-04"	"0"	"-2e-04"	"0"	"0"	"1e-04"	"0.0014"	"0.0017"	"4e-04"	"0.0765"
"Or_g76_5_1"	"3e-04"	"0"	"-2e-04"	"-2e-04"	"-1e-04"	"2e-04"	"0.0018"	"8e-04"	"3e-04"	"0.0761"
"Gr_g77_5_1"	"2e-04"	"0"	"2e-04"	"0.0028"	"5e-04"	"3e-04"	"4e-04"	"3e-04"	"7e-04"	"0.0761"
"Or_g76_3_1"	"2e-04"	"0"	"-1e-04"	"-3e-04"	"-3e-04"	"1e-04"	"0.0023"	"7e-04"	"2e-04"	"0.0726"
"Or_g61_6_1"	"3e-04"	"0"	"-2e-04"	"1e-04"	"0"	"2e-04"	"0.0016"	"0.0014"	"4e-04"	"0.0707"
"Gr_g35_1_1"	"2e-04"	"0"	"0.0012"	"3e-04"	"4e-04"	"2e-04"	"2e-04"	"1e-04"	"3e-04"	"0.0704"
"Gr_g77_4_1"	"1e-04"	"0"	"3e-04"	"0.002"	"4e-04"	"0"	"5e-04"	"3e-04"	"5e-04"	"0.0696"
"PMT_128_1_1"	"4e-04"	"1e-04"	"4e-04"	"0.0023"	"4e-04"	"1e-04"	"6e-04"	"2e-04"	"6e-04"	"0.0671"
"PMT_230_1_1"	"1e-04"	"0"	"3e-04"	"2e-04"	"4e-04"	"1e-04"	"5e-04"	"0.0017"	"5e-04"	"0.0667"
"PMT_132_1_1"	"4e-04"	"0"	"3e-04"	"0.0024"	"5e-04"	"0"	"3e-04"	"3e-04"	"6e-04"	"0.0661"
"Or_g74_4_2"	"2e-04"	"0.0017"	"8e-04"	"4e-04"	"6e-04"	"4e-04"	"0.001"	"-1e-04"	"6e-04"	"0.066"
"PMT_619_1_1"	"2e-04"	"0"	"-2e-04"	"1e-04"	"2e-04"	"1e-04"	"0.0013"	"8e-04"	"3e-04"	"0.0659"
"PMT_228_1_1"	"1e-04"	"0"	"4e-04"	"1e-04"	"2e-04"	"2e-04"	"3e-04"	"0.0018"	"4e-04"	"0.0657"
"PMT_133_1_1"	"1e-04"	"0"	"2e-04"	"0.0017"	"4e-04"	"1e-04"	"6e-04"	"3e-04"	"5e-04"	"0.0651"
"PMT_231_1_1"	"0"	"0"	"5e-04"	"1e-04"	"2e-04"	"1e-04"	"4e-04"	"0.0015"	"4e-04"	"0.064"
"PMT_134_1_1"	"1e-04"	"0"	"-3e-04"	"0.0022"	"5e-04"	"1e-04"	"9e-04"	"3e-04"	"6e-04"	"0.0628"
"PMT_342_1_1"	"0.0047"	"0"	"0"	"1e-04"	"2e-04"	"0"	"2e-04"	"1e-04"	"3e-04"	"0.0616"
"Control_g56_8_1"	"0"	"0"	"0"	"1e-04"	"2e-04"	"0"	"0.0017"	"-4e-04"	"2e-04"	"0.0613"
"Or_g61_2_1"	"4e-04"	"0"	"0"	"-1e-04"	"0"	"-2e-04"	"0.001"	"0.001"	"3e-04"	"0.0609"
"Control_g203_14_7"	"0.0011"	"0"	"-2e-04"	"0"	"8e-04"	"0"	"4e-04"	"0"	"3e-04"	"0.0581"
"PMT_344_1_1"	"0.0049"	"0"	"0"	"1e-04"	"2e-04"	"1e-04"	"0"	"2e-04"	"3e-04"	"0.0576"
"PMT_341_1_1"	"0.0046"	"0"	"1e-04"	"0"	"1e-04"	"0"	"0"	"3e-04"	"3e-04"	"0.0573"
"PMT_345_1_1"	"0.0056"	"0"	"1e-04"	"1e-04"	"0"	"0"	"1e-04"	"1e-04"	"3e-04"	"0.056"
"Or_g69_5_1"	"1e-04"	"1e-04"	"-2e-04"	"0"	"0"	"1e-04"	"0.0014"	"0.0011"	"3e-04"	"0.0557"
"Gr_g71_5_1"	"0.0037"	"0"	"2e-04"	"0"	"1e-04"	"0"	"-8e-04"	"1e-04"	"2e-04"	"0.0556"
"PMT_253_1_1"	"2e-04"	"0"	"4e-04"	"1e-04"	"3e-04"	"1e-04"	"4e-04"	"4e-04"	"3e-04"	"0.0555"
"PMT_343_1_1"	"0.0048"	"0"	"1e-04"	"1e-04"	"1e-04"	"0"	"2e-04"	"1e-04"	"3e-04"	"0.0552"
"Gr_g36_1_7"	"2e-04"	"0.0015"	"5e-04"	"4e-04"	"8e-04"	"2e-04"	"0.0012"	"2e-04"	"6e-04"	"0.0546"
"PMT_340_1_1"	"0.0045"	"0"	"0"	"2e-04"	"1e-04"	"0"	"3e-04"	"0"	"3e-04"	"0.0534"
"P450_g29_3_2"	"2e-04"	"3e-04"	"0"	"3e-04"	"7e-04"	"0"	"7e-04"	"5e-04"	"4e-04"	"0.0531"
"Gr_g71_1_5"	"0.0041"	"0"	"1e-04"	"0"	"1e-04"	"0"	"2e-04"	"0"	"3e-04"	"0.0524"
"Gr_g71_4_1"	"0.0038"	"0"	"0"	"2e-04"	"2e-04"	"0"	"1e-04"	"0"	"3e-04"	"0.0503"
"PMT_559_1_1"	"0"	"0"	"2e-04"	"1e-04"	"1e-04"	"1e-04"	"4e-04"	"7e-04"	"2e-04"	"0.0494"
"Gr_g71_2_3"	"0.0044"	"0"	"0"	"0"	"1e-04"	"0"	"2e-04"	"1e-04"	"3e-04"	"0.0491"
"Or_g60_6_1"	"0"	"0"	"3e-04"	"7e-04"	"-3e-04"	"0"	"4e-04"	"4e-04"	"2e-04"	"0.0483"
"Gr_g35_5_1"	"4e-04"	"0"	"5e-04"	"1e-04"	"4e-04"	"0"	"3e-04"	"3e-04"	"3e-04"	"0.0479"
"PMT_586_1_1"	"1e-04"	"8e-04"	"9e-04"	"-1e-04"	"2e-04"	"0"	"1e-04"	"2e-04"	"3e-04"	"0.0478"
"PMT_629_1_1"	"3e-04"	"0"	"0"	"-2e-04"	"0"	"3e-04"	"0.0011"	"3e-04"	"1e-04"	"0.0448"
"Gr_g35_4_2"	"1e-04"	"0"	"4e-04"	"0"	"5e-04"	"0"	"2e-04"	"1e-04"	"2e-04"	"0.0434"
"Control_g73_5_2"	"0"	"0.0015"	"2e-04"	"3e-04"	"3e-04"	"2e-04"	"2e-04"	"2e-04"	"4e-04"	"0.0429"
"P450_g68_2_1"	"0"	"0"	"1e-04"	"0"	"0"	"6e-04"	"3e-04"	"0"	"1e-04"	"0.0419"
"Gr_g8_4_1"	"0"	"0"	"3e-04"	"0"	"3e-04"	"0"	"2e-04"	"-2e-04"	"1e-04"	"0.0416"
"Or_g69_3_1"	"4e-04"	"0"	"0"	"-1e-04"	"-1e-04"	"1e-04"	"0.0012"	"9e-04"	"3e-04"	"0.0412"
"Gr_g75_2_6"	"2e-04"	"0"	"-1e-04"	"3e-04"	"1e-04"	"1e-04"	"6e-04"	"4e-04"	"2e-04"	"0.041"
"P450_g47_1_14"	"2e-04"	"0.0014"	"2e-04"	"3e-04"	"2e-04"	"3e-04"	"2e-04"	"1e-04"	"3e-04"	"0.0401"
"P450_g49_5_2"	"0"	"0"	"0"	"0.001"	"1e-04"	"0"	"0"	"2e-04"	"2e-04"	"0.04"
"P450_g68_3_4"	"1e-04"	"0"	"2e-04"	"2e-04"	"1e-04"	"6e-04"	"3e-04"	"1e-04"	"2e-04"	"0.0398"
"Control_g46_8_1"	"0"	"0"	"0"	"0"	"0"	"0"	"6e-04"	"0"	"0"	"0.0394"
"Or_g8_1_16"	"0"	"4e-04"	"2e-04"	"1e-04"	"-2e-04"	"1e-04"	"1e-04"	"2e-04"	"1e-04"	"0.0389"
"PMT_648_1_7"	"1e-04"	"9e-04"	"4e-04"	"0"	"5e-04"	"2e-04"	"6e-04"	"4e-04"	"4e-04"	"0.0343"
"Gr_g60_3_2"	"0"	"0"	"-1e-04"	"0"	"-1e-04"	"0"	"4e-04"	"0"	"0"	"0.0328"
"Gr_g8_2_2"	"1e-04"	"0"	"1e-04"	"0"	"2e-04"	"4e-04"	"5e-04"	"-1e-04"	"1e-04"	"0.0319"
"Gr_g60_5_1"	"0"	"0"	"-1e-04"	"0"	"-1e-04"	"0"	"3e-04"	"1e-04"	"0"	"0.0318"
"PMT_278_1_1"	"2e-04"	"0"	"1e-04"	"1e-04"	"0"	"0"	"2e-04"	"2e-04"	"1e-04"	"0.0308"
"P450_g29_2_4"	"0"	"0.0012"	"1e-04"	"1e-04"	"2e-04"	"1e-04"	"1e-04"	"2e-04"	"3e-04"	"0.0304"
"Control_g73_3_2"	"0"	"9e-04"	"1e-04"	"2e-04"	"2e-04"	"3e-04"	"1e-04"	"1e-04"	"2e-04"	"0.0304"
"Control_g161_5_5"	"0"	"0"	"1e-04"	"0"	"0"	"0"	"0.0012"	"0"	"1e-04"	"0.0301"
"P450_g58_2_3"	"1e-04"	"0"	"1e-04"	"1e-04"	"1e-04"	"6e-04"	"0"	"1e-04"	"1e-04"	"0.03"
"PMT_280_1_1"	"2e-04"	"1e-04"	"-1e-04"	"0"	"1e-04"	"0"	"1e-04"	"5e-04"	"1e-04"	"0.0285"
"Gr_g64_1_1"	"0"	"0"	"0"	"0"	"2e-04"	"0"	"-4e-04"	"-1e-04"	"0"	"0.027"
"OBP_g3_5_1"	"2e-04"	"0"	"0"	"4e-04"	"2e-04"	"-1e-04"	"1e-04"	"1e-04"	"1e-04"	"0.0264"
"PMT_647_1_1"	"0"	"0"	"0"	"0"	"-2e-04"	"0"	"0"	"2e-04"	"0"	"0.0262"
"Gr_g38_1_3"	"-1e-04"	"0"	"0"	"1e-04"	"-1e-04"	"0"	"1e-04"	"1e-04"	"0"	"0.0256"
"PMT_270_1_1"	"1e-04"	"0"	"0"	"0"	"-1e-04"	"1e-04"	"2e-04"	"4e-04"	"1e-04"	"0.0248"
"Gr_g68_5_1"	"0"	"0"	"0"	"0"	"0"	"0"	"5e-04"	"0"	"0"	"0.0243"
"OBP_g3_1_3"	"0"	"0"	"1e-04"	"3e-04"	"0"	"0"	"0"	"0"	"1e-04"	"0.0226"
"OBP_g3_2_1"	"0"	"0"	"0"	"4e-04"	"1e-04"	"0"	"1e-04"	"1e-04"	"1e-04"	"0.0221"
"PMT_515_1_1"	"0"	"1e-04"	"1e-04"	"2e-04"	"0"	"0"	"2e-04"	"-5e-04"	"0"	"0.0219"
"PMT_254_1_1"	"0"	"0"	"4e-04"	"0"	"0"	"0"	"0"	"0"	"1e-04"	"0.0204"
"PMT_293_1_1"	"0.0014"	"0"	"0"	"0"	"1e-04"	"1e-04"	"1e-04"	"0"	"1e-04"	"0.0203"
"Control_g86_6_6"	"2e-04"	"4e-04"	"0"	"1e-04"	"1e-04"	"0"	"0"	"1e-04"	"1e-04"	"0.02"
"Gr_g43_5_1"	"0.001"	"0"	"0"	"0"	"0"	"0"	"0"	"0"	"1e-04"	"0.0197"
"PMT_516_1_1"	"0"	"0"	"0"	"1e-04"	"-3e-04"	"0"	"3e-04"	"0"	"0"	"0.0189"
"Gr_g68_1_6"	"0"	"0"	"0"	"0"	"0"	"0"	"4e-04"	"0"	"0"	"0.0184"
"Control_g161_6_10"	"0"	"0"	"-1e-04"	"0"	"-1e-04"	"1e-04"	"8e-04"	"-1e-04"	"0"	"0.0183"
"Control_g14_11_2"	"2e-04"	"4e-04"	"2e-04"	"0"	"2e-04"	"1e-04"	"1e-04"	"-1e-04"	"1e-04"	"0.0179"
"PMT_248_1_1"	"0"	"0"	"1e-04"	"0"	"0"	"2e-04"	"1e-04"	"0"	"1e-04"	"0.0175"
"Gr_g43_3_2"	"6e-04"	"0"	"0"	"0"	"0"	"0"	"1e-04"	"0"	"0"	"0.0175"
"PMT_517_1_1"	"1e-04"	"0"	"0"	"1e-04"	"-1e-04"	"1e-04"	"0"	"-2e-04"	"0"	"0.0157"
"Or_g9_3_2"	"0"	"3e-04"	"1e-04"	"1e-04"	"1e-04"	"1e-04"	"1e-04"	"-1e-04"	"1e-04"	"0.0152"
"Control_g88_1_1"	"0"	"0"	"0"	"0"	"0"	"0"	"0"	"0"	"0"	"0.0148"
"P450_g17_4_1"	"0"	"0"	"0"	"1e-04"	"0"	"0"	"-3e-04"	"1e-04"	"0"	"0.0148"
"Gr_g64_3_1"	"0"	"0"	"0"	"0"	"0"	"0"	"0"	"0"	"0"	"0.0145"
"Control_g86_2_2"	"1e-04"	"1e-04"	"0"	"0"	"0"	"0"	"1e-04"	"1e-04"	"1e-04"	"0.013"
"Gr_g43_4_2"	"1e-04"	"0"	"0"	"0"	"0"	"0"	"1e-04"	"0"	"0"	"0.0129"
"Gr_g72_1_9"	"0"	"0"	"0"	"0"	"0"	"0"	"0"	"0"	"0"	"0.0129"
"PMT_631_1_1"	"0"	"0"	"1e-04"	"0"	"0"	"0"	"0"	"-1e-04"	"0"	"0.012"
"PMT_518_1_1"	"1e-04"	"0"	"0"	"1e-04"	"0"	"0"	"2e-04"	"-2e-04"	"0"	"0.0118"
"PMT_446_1_1"	"0"	"0"	"0"	"0"	"0"	"0"	"0"	"0"	"0"	"0.0116"
"Gr_g34_1_5"	"1e-04"	"0"	"2e-04"	"0"	"1e-04"	"0"	"0"	"1e-04"	"1e-04"	"0.0114"
"Or_g26_4_2"	"0"	"0"	"0"	"0"	"0"	"0"	"0"	"0"	"0"	"0.0113"
"PMT_125_1_1"	"0"	"0"	"0"	"0"	"1e-04"	"0"	"0"	"0"	"0"	"0.0109"
"Or_g9_4_1"	"0"	"1e-04"	"0"	"0"	"1e-04"	"0"	"3e-04"	"0"	"1e-04"	"0.0108"
"PMT_319_1_1"	"0"	"0"	"2e-04"	"0"	"0"	"0"	"1e-04"	"0"	"0"	"0.0108"
"Or_g42_2_2"	"0"	"0"	"0"	"0"	"0"	"0"	"0"	"0"	"0"	"0.0107"
"PMT_541_1_1"	"0"	"0"	"0"	"0"	"0"	"0"	"1e-04"	"0"	"0"	"0.0099"
"Or_g56_1_5"	"0"	"0"	"0"	"0"	"0"	"0"	"0"	"0"	"0"	"0.0098"
"PMT_262_1_1"	"0"	"0"	"0"	"0"	"1e-04"	"0"	"2e-04"	"0"	"0"	"0.0098"
"Gr_g70_4_1"	"0"	"0"	"0"	"0"	"0"	"0"	"1e-04"	"0"	"0"	"0.0094"
"Control_g171_6_2"	"0"	"0"	"0"	"0"	"0"	"0"	"0"	"1e-04"	"0"	"0.0094"
"Or_g24_5_1"	"0"	"0"	"0"	"1e-04"	"0"	"0"	"0"	"0"	"0"	"0.0094"
"Gr_g70_5_1"	"0"	"0"	"0"	"0"	"0"	"0"	"0"	"0"	"0"	"0.0092"
"PMT_261_1_1"	"0"	"0"	"0"	"1e-04"	"0"	"0"	"1e-04"	"0"	"0"	"0.0089"
"OBP_g3_6_1"	"0"	"0"	"0"	"1e-04"	"0"	"1e-04"	"0"	"0"	"0"	"0.0089"
"PMT_540_1_1"	"0"	"0"	"0"	"0"	"0"	"0"	"1e-04"	"-1e-04"	"0"	"0.0088"
"Or_g42_5_1"	"0"	"0"	"1e-04"	"0"	"0"	"0"	"1e-04"	"0"	"0"	"0.0088"
"Control_g105_4_3"	"0"	"0"	"1e-04"	"0"	"0"	"0"	"1e-04"	"1e-04"	"0"	"0.0084"
"Or_g24_1_6"	"0"	"0"	"0"	"0"	"0"	"0"	"0"	"0"	"0"	"0.0083"
"Gr_g68_2_4"	"0"	"0"	"0"	"0"	"0"	"0"	"0"	"0"	"0"	"0.008"
"P450_g58_1_2"	"0"	"0"	"0"	"0"	"0"	"0"	"0"	"1e-04"	"0"	"0.008"
"Control_g56_5_1"	"0"	"0"	"0"	"0"	"1e-04"	"0"	"0"	"-1e-04"	"0"	"0.008"
"PMT_245_1_1"	"0"	"0"	"0"	"0"	"0"	"0"	"0"	"0"	"0"	"0.0079"
"Or_g18_1_6"	"0"	"0"	"0"	"0"	"0"	"0"	"0"	"0"	"0"	"0.0078"
"Or_g9_6_1"	"0"	"0"	"0"	"0"	"0"	"0"	"1e-04"	"0"	"0"	"0.0078"
"PMT_447_1_1"	"0"	"0"	"0"	"0"	"0"	"0"	"0"	"0"	"0"	"0.0077"
"Or_g42_6_1"	"0"	"0"	"0"	"1e-04"	"0"	"0"	"0"	"0"	"0"	"0.0075"
"PMT_263_1_1"	"0"	"0"	"1e-04"	"0"	"0"	"0"	"1e-04"	"2e-04"	"1e-04"	"0.0074"
"PMT_521_1_1"	"0"	"0"	"0"	"0"	"-1e-04"	"0"	"0"	"1e-04"	"0"	"0.0074"
"Or_g39_2_3"	"0"	"0"	"0"	"0"	"0"	"0"	"0"	"0"	"0"	"0.0074"
"PMT_194_1_1"	"0"	"0"	"0"	"0"	"0"	"0"	"0"	"0"	"0"	"0.0073"
"Control_g56_1_1"	"0"	"0"	"0"	"0"	"0"	"0"	"0"	"0"	"0"	"0.0071"
"Or_g78_3_1"	"0"	"0"	"0"	"0"	"0"	"0"	"0"	"0"	"0"	"0.007"
"PMT_448_1_1"	"0"	"0"	"0"	"0"	"0"	"0"	"0"	"0"	"0"	"0.007"
"P450_g18_4_3"	"0"	"0"	"0"	"0"	"0"	"0"	"0"	"0"	"0"	"0.0068"
"PMT_537_1_1"	"0"	"0"	"0"	"-1e-04"	"0"	"0"	"0"	"0"	"0"	"0.0068"
"PMT_247_1_2"	"0"	"0"	"0"	"0"	"0"	"0"	"1e-04"	"0"	"0"	"0.0067"
"Control_g162_10_12"	"0"	"0"	"0"	"0"	"0"	"0"	"0"	"0"	"0"	"0.0067"
"Control_g87_6_2"	"0"	"0"	"0"	"0"	"0"	"0"	"0"	"-2e-04"	"0"	"0.0066"
"Control_g147_1_2"	"0"	"0"	"0"	"0"	"0"	"0"	"0"	"0"	"0"	"0.0066"
"PMT_386_1_1"	"0"	"0"	"0"	"0"	"0"	"0"	"0"	"0"	"0"	"0.0065"
"Or_g42_1_1"	"0"	"0"	"0"	"0"	"0"	"0"	"1e-04"	"0"	"0"	"0.0064"
"Control_g156_6_2"	"0"	"0"	"0"	"0"	"0"	"0"	"0"	"0"	"0"	"0.0064"
"Control_g108_1_1"	"0"	"0"	"0"	"0"	"0"	"0"	"0"	"0"	"0"	"0.0063"
"Control_g156_7_1"	"0"	"0"	"0"	"0"	"0"	"0"	"0"	"0"	"0"	"0.0062"
"PMT_244_1_1"	"0"	"0"	"0"	"0"	"0"	"0"	"0"	"0"	"0"	"0.0062"
"Or_g43_3_1"	"0"	"0"	"0"	"1e-04"	"0"	"0"	"1e-04"	"0"	"0"	"0.0061"
"Control_g171_5_1"	"0"	"0"	"1e-04"	"0"	"0"	"0"	"0"	"2e-04"	"0"	"0.0061"
"Control_g38_2_3"	"0"	"0"	"0"	"1e-04"	"0"	"0"	"0"	"0"	"0"	"0.0061"
"Gr_g23_2_1"	"0"	"0"	"0"	"0"	"0"	"0"	"0"	"0"	"0"	"0.0058"
"PMT_60_1_1"	"0"	"0"	"0"	"0"	"0"	"0"	"0"	"0"	"0"	"0.0058"
"Or_g18_5_1"	"0"	"0"	"0"	"0"	"0"	"0"	"0"	"0"	"0"	"0.0057"
"Control_g156_3_3"	"0"	"0"	"0"	"0"	"0"	"0"	"0"	"0"	"0"	"0.0056"
"PMT_385_1_1"	"0"	"0"	"0"	"0"	"0"	"0"	"0"	"0"	"0"	"0.0055"
"Control_g89_4_1"	"0"	"0"	"0"	"0"	"0"	"0"	"1e-04"	"0"	"0"	"0.0055"
"P450_g38_7_1"	"0"	"0"	"0"	"0"	"0"	"0"	"0"	"0"	"0"	"0.0055"
"Or_g9_5_1"	"0"	"0"	"0"	"0"	"0"	"0"	"0"	"0"	"0"	"0.0055"
"Gr_g30_2_2"	"0"	"0"	"0"	"0"	"0"	"0"	"0"	"0"	"0"	"0.0054"
"Or_g78_1_13"	"2e-04"	"0"	"0"	"0"	"0"	"0"	"0"	"0"	"0"	"0.0054"
"SP_g4_7_1"	"0"	"0"	"0"	"0"	"0"	"0"	"0"	"0"	"0"	"0.0054"
"Control_g19_2_1"	"0"	"0"	"0"	"0"	"0"	"0"	"0"	"0"	"0"	"0.0053"
"Control_g163_2_4"	"0"	"0"	"0"	"0"	"0"	"0"	"0"	"0"	"0"	"0.0052"
"PMT_445_1_1"	"0"	"0"	"0"	"0"	"0"	"0"	"0"	"0"	"0"	"0.0052"
"Control_g204_13_1"	"0"	"0"	"0"	"0"	"0"	"0"	"0"	"0"	"0"	"0.0049"
"P450_g38_6_1"	"0"	"0"	"0"	"0"	"0"	"0"	"0"	"0"	"0"	"0.0049"
"PMT_388_1_1"	"0"	"0"	"0"	"0"	"0"	"0"	"0"	"0"	"0"	"0.0049"
"P450_g65_2_4"	"0"	"0"	"0"	"1e-04"	"0"	"0"	"0"	"0"	"0"	"0.0049"
"Control_g105_3_3"	"0"	"0"	"0"	"0"	"0"	"0"	"0"	"0"	"0"	"0.0048"
"PMT_634_1_1"	"0"	"0"	"0"	"0"	"0"	"0"	"0"	"0"	"0"	"0.0048"
"Control_g89_3_2"	"-2e-04"	"0"	"0"	"0"	"0"	"0"	"0"	"0"	"0"	"0.0048"
"PMT_176_1_1"	"0"	"0"	"0"	"0"	"0"	"0"	"0"	"0"	"0"	"0.0048"
"Or_g18_3_2"	"0"	"0"	"0"	"0"	"0"	"0"	"0"	"0"	"0"	"0.0047"
"Control_g156_10_5"	"0"	"0"	"0"	"0"	"0"	"0"	"0"	"0"	"0"	"0.0046"
"Control_g156_9_4"	"0"	"0"	"0"	"0"	"0"	"0"	"0"	"0"	"0"	"0.0046"
"P450_g49_7_1"	"0"	"0"	"0"	"0"	"0"	"0"	"0"	"0"	"0"	"0.0046"
"Control_g156_8_1"	"0"	"0"	"0"	"0"	"0"	"0"	"0"	"0"	"0"	"0.0046"
"Or_g18_2_3"	"0"	"0"	"0"	"0"	"0"	"0"	"0"	"0"	"0"	"0.0046"
"Gr_g30_1_8"	"0"	"0"	"0"	"0"	"0"	"0"	"0"	"0"	"0"	"0.0046"
"Gr_g11_1_3"	"0"	"0"	"0"	"0"	"0"	"0"	"0"	"0"	"0"	"0.0045"
"P450_g65_4_2"	"0"	"0"	"0"	"1e-04"	"0"	"0"	"0"	"0"	"0"	"0.0045"
"Gr_g30_3_1"	"0"	"0"	"0"	"0"	"0"	"0"	"0"	"0"	"0"	"0.0044"
"Control_g209_6_13"	"0"	"0"	"0"	"0"	"0"	"0"	"0"	"0"	"0"	"0.0044"
"PMT_535_1_1"	"0"	"0"	"0"	"0"	"0"	"0"	"0"	"-1e-04"	"0"	"0.0043"
"PMT_387_1_1"	"0"	"0"	"0"	"0"	"0"	"0"	"0"	"0"	"0"	"0.0043"
"Control_g89_2_1"	"0"	"0"	"0"	"0"	"0"	"0"	"0"	"0"	"0"	"0.0042"
"Control_g19_1_1"	"0"	"0"	"0"	"0"	"0"	"0"	"0"	"0"	"0"	"0.0042"
"Gr_g23_1_4"	"0"	"0"	"0"	"0"	"0"	"0"	"0"	"0"	"0"	"0.0041"
"Control_g4_1_1"	"0"	"0"	"0"	"0"	"0"	"0"	"0"	"0"	"0"	"0.004"
"Control_g124_5_1"	"0"	"0"	"0"	"0"	"0"	"0"	"0"	"0"	"0"	"0.004"
"Or_g9_2_2"	"0"	"0"	"0"	"0"	"0"	"0"	"0"	"-1e-04"	"0"	"0.004"
"Control_g19_4_12"	"0"	"0"	"0"	"0"	"0"	"0"	"0"	"0"	"0"	"0.0039"
"Control_g105_7_2"	"0"	"0"	"0"	"0"	"0"	"0"	"0"	"0"	"0"	"0.0039"
"PMT_175_1_1"	"0"	"0"	"0"	"0"	"0"	"0"	"1e-04"	"0"	"0"	"0.0039"
"Gr_g70_3_2"	"0"	"0"	"0"	"0"	"0"	"0"	"0"	"0"	"0"	"0.0039"
"SP_g4_6_2"	"0"	"0"	"0"	"0"	"0"	"0"	"0"	"0"	"0"	"0.0038"
"Gr_g31_5_1"	"0"	"0"	"0"	"0"	"0"	"0"	"0"	"0"	"0"	"0.0038"
"Control_g105_5_3"	"0"	"0"	"0"	"0"	"0"	"0"	"0"	"0"	"0"	"0.0037"
"Gr_g27_2_2"	"0"	"0"	"0"	"0"	"0"	"0"	"0"	"0"	"0"	"0.0037"
"SP_g4_1_6"	"0"	"0"	"0"	"0"	"0"	"0"	"0"	"0"	"0"	"0.0036"
"Gr_g23_7_2"	"0"	"0"	"0"	"0"	"0"	"0"	"0"	"0"	"0"	"0.0035"
"Control_g166_9_4"	"0"	"0"	"0"	"0"	"0"	"0"	"0"	"0"	"0"	"0.0035"
"PMT_632_1_1"	"0"	"0"	"0"	"0"	"0"	"0"	"0"	"0"	"0"	"0.0035"
"P450_g49_4_2"	"0"	"0"	"0"	"0"	"0"	"0"	"0"	"0"	"0"	"0.0035"
"PMT_655_1_1"	"0"	"0"	"0"	"2e-04"	"0"	"0"	"0"	"0"	"0"	"0.0034"
"PMT_509_1_1"	"0"	"0"	"0"	"0"	"0"	"0"	"1e-04"	"0"	"0"	"0.0034"
"PMT_510_1_1"	"0"	"0"	"0"	"0"	"0"	"0"	"0"	"0"	"0"	"0.0034"
"PMT_507_1_1"	"0"	"0"	"0"	"0"	"0"	"0"	"0"	"0"	"0"	"0.0034"
"Control_g19_3_3"	"0"	"0"	"0"	"0"	"0"	"0"	"0"	"0"	"0"	"0.0033"
"Control_g176_1_1"	"0"	"0"	"0"	"0"	"0"	"0"	"0"	"0"	"0"	"0.0033"
"Or_g50_2_3"	"0"	"0"	"1e-04"	"0"	"0"	"0"	"0"	"0"	"0"	"0.0033"
"Gr_g17_1_9"	"0"	"0"	"0"	"0"	"0"	"0"	"0"	"0"	"0"	"0.0032"
"SP_g4_4_3"	"0"	"0"	"0"	"0"	"0"	"0"	"0"	"0"	"0"	"0.0032"
"Control_g89_1_1"	"-1e-04"	"0"	"0"	"0"	"0"	"0"	"0"	"0"	"0"	"0.0032"
"PMT_243_1_1"	"0"	"0"	"0"	"0"	"0"	"0"	"0"	"0"	"0"	"0.0031"
"Control_g63_3_1"	"0"	"0"	"0"	"0"	"0"	"0"	"1e-04"	"0"	"0"	"0.0031"
"PMT_512_1_1"	"0"	"0"	"0"	"0"	"0"	"0"	"0"	"0"	"0"	"0.0031"
"PMT_208_1_1"	"0"	"0"	"0"	"0"	"0"	"0"	"0"	"0"	"0"	"0.0031"
"PMT_61_1_1"	"0"	"0"	"0"	"0"	"0"	"0"	"0"	"0"	"0"	"0.003"
"Control_g82_6_2"	"0"	"0"	"0"	"0"	"0"	"0"	"0"	"0"	"0"	"0.003"
"P450_g31_6_3"	"0"	"0"	"0"	"0"	"0"	"0"	"0"	"0"	"0"	"0.003"
"Or_g44_1_7"	"0"	"0"	"0"	"0"	"0"	"0"	"0"	"0"	"0"	"0.0029"
"Control_g179_2_1"	"0"	"0"	"0"	"0"	"0"	"0"	"0"	"0"	"0"	"0.0029"
"P450_g41_9_2"	"0"	"0"	"0"	"0"	"0"	"0"	"0"	"0"	"0"	"0.0029"
"Or_g18_4_1"	"0"	"0"	"0"	"0"	"0"	"0"	"0"	"0"	"0"	"0.0028"
"PMT_514_1_1"	"0"	"0"	"0"	"0"	"0"	"0"	"0"	"0"	"0"	"0.0028"
"P450_g49_2_4"	"0"	"0"	"1e-04"	"0"	"0"	"0"	"0"	"0"	"0"	"0.0027"
"P450_g47_2_2"	"0"	"0"	"0"	"0"	"1e-04"	"0"	"0"	"0"	"0"	"0.0026"
"Gr_g27_4_1"	"0"	"0"	"0"	"0"	"0"	"0"	"0"	"0"	"0"	"0.0026"
"Control_g82_9_3"	"0"	"0"	"0"	"0"	"0"	"0"	"0"	"0"	"0"	"0.0026"
"Control_g167_11_3"	"0"	"0"	"0"	"0"	"0"	"0"	"0"	"0"	"0"	"0.0026"
"Control_g38_8_1"	"0"	"0"	"0"	"0"	"0"	"0"	"0"	"0"	"0"	"0.0026"
"P450_g38_5_1"	"0"	"0"	"0"	"0"	"0"	"0"	"0"	"0"	"0"	"0.0025"
"PMT_214_1_1"	"0"	"0"	"0"	"0"	"0"	"0"	"0"	"0"	"0"	"0.0025"
"P450_g49_1_2"	"0"	"0"	"0"	"0"	"0"	"0"	"0"	"0"	"0"	"0.0025"
"Gr_g22_3_1"	"0"	"0"	"0"	"0"	"0"	"0"	"0"	"0"	"0"	"0.0025"
"Control_g38_5_2"	"0"	"0"	"0"	"0"	"0"	"0"	"0"	"0"	"0"	"0.0025"
"Or_g39_4_1"	"0"	"0"	"0"	"0"	"0"	"0"	"0"	"0"	"0"	"0.0024"
"P450_g47_4_3"	"0"	"0"	"0"	"0"	"0"	"0"	"0"	"0"	"0"	"0.0024"
"PMT_511_1_1"	"0"	"0"	"0"	"0"	"0"	"0"	"0"	"0"	"0"	"0.0024"
"Or_g36_2_3"	"0"	"0"	"0"	"0"	"0"	"0"	"0"	"0"	"0"	"0.0023"
"Gr_g23_9_1"	"0"	"0"	"0"	"0"	"0"	"0"	"0"	"0"	"0"	"0.0023"
"P450_g5_2_2"	"0"	"0"	"0"	"0"	"0"	"0"	"0"	"0"	"0"	"0.0023"
"PMT_215_1_1"	"0"	"0"	"-1e-04"	"0"	"0"	"0"	"0"	"0"	"0"	"0.0023"
"PMT_571_1_1"	"0"	"0"	"0"	"0"	"0"	"0"	"0"	"0"	"0"	"0.0023"
"Gr_g23_4_3"	"0"	"0"	"0"	"0"	"0"	"0"	"0"	"0"	"0"	"0.0022"
"Control_g105_6_1"	"0"	"0"	"0"	"0"	"0"	"0"	"0"	"0"	"0"	"0.0022"
"Gr_g38_4_2"	"0"	"0"	"0"	"0"	"0"	"0"	"0"	"0"	"0"	"0.0022"
"Control_g47_10_3"	"0"	"0"	"0"	"0"	"0"	"0"	"0"	"0"	"0"	"0.0021"
"PMT_55_1_1"	"0"	"0"	"0"	"0"	"0"	"0"	"0"	"0"	"0"	"0.0021"
"SP_g4_3_4"	"0"	"0"	"0"	"0"	"0"	"0"	"0"	"0"	"0"	"0.0021"
"PMT_58_1_1"	"0"	"0"	"0"	"0"	"0"	"0"	"0"	"0"	"0"	"0.0021"
"Control_g105_2_2"	"0"	"0"	"0"	"0"	"0"	"0"	"0"	"0"	"0"	"0.0021"
"Control_g166_7_2"	"0"	"0"	"0"	"0"	"0"	"0"	"0"	"0"	"0"	"0.002"
"Gr_g62_1_16"	"0"	"0"	"0"	"0"	"0"	"0"	"0"	"0"	"0"	"0.002"
"Gr_g9_1_15"	"0"	"0"	"0"	"0"	"0"	"0"	"0"	"0"	"0"	"0.002"
"Gr_g23_8_1"	"0"	"0"	"0"	"0"	"0"	"0"	"0"	"0"	"0"	"0.002"
"Or_g44_2_1"	"0"	"0"	"0"	"0"	"0"	"0"	"0"	"0"	"0"	"0.0019"
"Gr_g56_4_2"	"0"	"0"	"0"	"0"	"0"	"0"	"0"	"0"	"0"	"0.0019"
"PMT_321_1_1"	"0"	"0"	"0"	"0"	"0"	"0"	"0"	"0"	"0"	"0.0019"
"PMT_63_1_1"	"0"	"0"	"0"	"0"	"0"	"0"	"0"	"0"	"0"	"0.0019"
"Gr_g38_3_1"	"0"	"0"	"0"	"0"	"0"	"0"	"0"	"0"	"0"	"0.0019"
"IR_g11_11_4"	"0"	"0"	"0"	"0"	"0"	"0"	"0"	"0"	"0"	"0.0019"
"PMT_506_1_1"	"0"	"0"	"0"	"0"	"0"	"0"	"0"	"0"	"0"	"0.0018"
"Gr_g34_4_1"	"0"	"0"	"0"	"0"	"0"	"0"	"0"	"0"	"0"	"0.0018"
"P450_g49_3_2"	"0"	"0"	"0"	"0"	"0"	"0"	"0"	"0"	"0"	"0.0018"
"PMT_318_1_1"	"0"	"0"	"0"	"0"	"0"	"0"	"0"	"0"	"0"	"0.0018"
"Gr_g39_5_1"	"0"	"0"	"0"	"0"	"0"	"0"	"0"	"0"	"0"	"0.0018"
"P450_g64_8_1"	"0"	"0"	"0"	"0"	"0"	"0"	"0"	"0"	"0"	"0.0018"
"SP_g4_2_2"	"0"	"0"	"0"	"0"	"0"	"0"	"0"	"0"	"0"	"0.0018"
"Or_g36_4_1"	"0"	"0"	"0"	"0"	"0"	"0"	"0"	"0"	"0"	"0.0018"
"PMT_273_1_1"	"0"	"0"	"0"	"0"	"0"	"0"	"0"	"0"	"0"	"0.0018"
"P450_g49_6_1"	"0"	"0"	"0"	"0"	"0"	"0"	"0"	"0"	"0"	"0.0018"
"Control_g105_1_1"	"0"	"0"	"0"	"0"	"0"	"0"	"0"	"0"	"0"	"0.0018"
"Gr_g24_3_1"	"0"	"0"	"0"	"0"	"0"	"0"	"0"	"0"	"0"	"0.0018"
"Gr_g56_2_4"	"0"	"0"	"0"	"0"	"0"	"0"	"0"	"0"	"0"	"0.0017"
"Control_g78_3_4"	"0"	"0"	"0"	"0"	"0"	"0"	"0"	"0"	"0"	"0.0017"
"P450_g64_9_1"	"0"	"0"	"0"	"0"	"0"	"0"	"0"	"0"	"0"	"0.0017"
"Gr_g27_3_1"	"0"	"0"	"0"	"0"	"0"	"0"	"0"	"0"	"0"	"0.0017"
"Gr_g66_3_2"	"0"	"0"	"0"	"0"	"0"	"0"	"0"	"0"	"0"	"0.0017"
"Or_g52_1_3"	"0"	"0"	"0"	"0"	"0"	"0"	"0"	"0"	"0"	"0.0017"
"Gr_g38_5_1"	"0"	"0"	"0"	"0"	"0"	"0"	"0"	"0"	"0"	"0.0017"
"P450_g64_5_3"	"0"	"0"	"0"	"0"	"0"	"0"	"0"	"0"	"0"	"0.0017"
"Or_g37_4_2"	"0"	"0"	"0"	"0"	"0"	"0"	"0"	"0"	"0"	"0.0017"
"Gr_g24_2_2"	"0"	"0"	"0"	"0"	"0"	"0"	"0"	"0"	"0"	"0.0017"
"Or_g37_3_2"	"0"	"0"	"0"	"0"	"0"	"0"	"0"	"0"	"0"	"0.0016"
"Gr_g23_6_2"	"0"	"0"	"0"	"0"	"0"	"0"	"0"	"0"	"0"	"0.0016"
"Gr_g24_1_7"	"0"	"0"	"0"	"0"	"0"	"0"	"0"	"0"	"0"	"0.0016"
"PMT_651_1_5"	"0"	"0"	"0"	"0"	"0"	"0"	"0"	"0"	"0"	"0.0016"
"Gr_g27_1_16"	"0"	"0"	"0"	"0"	"0"	"0"	"0"	"0"	"0"	"0.0015"
"PMT_490_1_1"	"0"	"0"	"0"	"0"	"0"	"0"	"0"	"0"	"0"	"0.0015"
"Gr_g39_3_2"	"0"	"0"	"0"	"0"	"0"	"0"	"0"	"0"	"0"	"0.0015"
"PMT_57_1_1"	"0"	"0"	"0"	"0"	"0"	"0"	"0"	"0"	"0"	"0.0015"
"Gr_g56_5_1"	"0"	"0"	"0"	"0"	"0"	"0"	"0"	"0"	"0"	"0.0015"
"Gr_g56_1_2"	"0"	"0"	"0"	"0"	"0"	"0"	"0"	"0"	"0"	"0.0015"
"Gr_g24_4_1"	"0"	"0"	"0"	"0"	"0"	"0"	"0"	"0"	"0"	"0.0015"
"Control_g111_1_1"	"0"	"0"	"0"	"0"	"0"	"0"	"0"	"0"	"0"	"0.0015"
"Control_g166_5_2"	"0"	"0"	"0"	"0"	"0"	"0"	"0"	"0"	"0"	"0.0014"
"PMT_255_1_1"	"0"	"0"	"0"	"0"	"0"	"0"	"0"	"0"	"0"	"0.0014"
"PMT_524_1_1"	"0"	"0"	"0"	"0"	"0"	"0"	"0"	"0"	"0"	"0.0014"
"Or_g36_1_9"	"0"	"0"	"0"	"0"	"0"	"0"	"0"	"0"	"0"	"0.0013"
"PMT_221_1_1"	"0"	"0"	"0"	"0"	"0"	"0"	"0"	"0"	"0"	"0.0013"
"Control_g46_6_1"	"0"	"0"	"0"	"0"	"0"	"0"	"0"	"0"	"0"	"0.0012"
"Control_g10_4_2"	"0"	"0"	"0"	"0"	"0"	"0"	"0"	"0"	"0"	"0.0012"
"Or_g36_5_1"	"0"	"0"	"0"	"0"	"0"	"0"	"0"	"0"	"0"	"0.0012"
"Control_g114_2_2"	"0"	"0"	"0"	"0"	"0"	"0"	"0"	"0"	"0"	"0.0012"
"P450_g47_3_2"	"0"	"0"	"0"	"0"	"0"	"0"	"0"	"0"	"0"	"0.0012"
"IR_g10_3_2"	"0"	"0"	"0"	"0"	"0"	"0"	"0"	"0"	"0"	"0.0012"
"Or_g8_4_1"	"0"	"0"	"0"	"0"	"0"	"0"	"0"	"0"	"0"	"0.0011"
"Control_g46_2_2"	"0"	"0"	"0"	"0"	"0"	"0"	"0"	"0"	"0"	"0.0011"
"IR_g10_6_4"	"0"	"0"	"0"	"0"	"0"	"0"	"0"	"0"	"0"	"0.0011"
"P450_g8_1_2"	"0"	"0"	"0"	"0"	"0"	"0"	"0"	"0"	"0"	"0.0011"
"Control_g21_6_3"	"0"	"0"	"0"	"0"	"0"	"0"	"0"	"0"	"0"	"0.001"
"P450_g64_6_2"	"0"	"0"	"0"	"0"	"0"	"0"	"0"	"0"	"0"	"0.001"
"PMT_233_1_1"	"0"	"0"	"0"	"0"	"0"	"0"	"0"	"0"	"0"	"0.001"
"Control_g166_8_1"	"0"	"0"	"0"	"0"	"0"	"0"	"0"	"0"	"0"	"0.001"
"P450_g64_3_4"	"0"	"0"	"0"	"0"	"0"	"0"	"0"	"0"	"0"	"9e-04"
"P450_g19_2_2"	"0"	"0"	"0"	"0"	"0"	"0"	"0"	"0"	"0"	"9e-04"
"Gr_g56_3_1"	"0"	"0"	"0"	"0"	"0"	"0"	"0"	"0"	"0"	"9e-04"
"Gr_g39_4_2"	"0"	"0"	"0"	"0"	"0"	"0"	"0"	"0"	"0"	"8e-04"
"IR_g10_4_4"	"0"	"0"	"0"	"0"	"0"	"0"	"0"	"0"	"0"	"8e-04"
"IR_g10_9_3"	"0"	"0"	"0"	"0"	"0"	"0"	"0"	"0"	"0"	"8e-04"
"Gr_g56_6_1"	"0"	"0"	"0"	"0"	"0"	"0"	"0"	"0"	"0"	"8e-04"
"Control_g198_14_6"	"0"	"0"	"0"	"0"	"0"	"0"	"0"	"0"	"0"	"8e-04"
"Control_g180_3_2"	"0"	"0"	"0"	"0"	"0"	"0"	"0"	"0"	"0"	"8e-04"
"P450_g10_1_8"	"0"	"0"	"0"	"0"	"0"	"0"	"0"	"0"	"0"	"8e-04"
"Or_g36_6_1"	"0"	"0"	"0"	"0"	"0"	"0"	"0"	"0"	"0"	"7e-04"
"Control_g166_10_3"	"0"	"0"	"0"	"0"	"0"	"0"	"0"	"0"	"0"	"7e-04"
"Gr_g66_1_11"	"0"	"0"	"0"	"0"	"0"	"0"	"0"	"0"	"0"	"7e-04"
"Or_g37_1_9"	"0"	"0"	"0"	"0"	"0"	"0"	"0"	"0"	"0"	"7e-04"
"P450_g5_4_4"	"0"	"0"	"0"	"0"	"0"	"0"	"0"	"0"	"0"	"7e-04"
"P450_g4_2_5"	"0"	"0"	"0"	"0"	"0"	"0"	"0"	"0"	"0"	"7e-04"
"P450_g46_1_14"	"0"	"0"	"0"	"0"	"0"	"0"	"0"	"0"	"0"	"6e-04"
"IR_g10_5_3"	"0"	"0"	"0"	"0"	"0"	"0"	"0"	"0"	"0"	"6e-04"
"Or_g8_3_2"	"0"	"0"	"0"	"0"	"0"	"0"	"0"	"0"	"0"	"5e-04"
"Control_g131_6_10"	"0"	"0"	"0"	"0"	"0"	"0"	"0"	"0"	"0"	"5e-04"
"P450_g41_6_2"	"0"	"0"	"0"	"0"	"0"	"0"	"0"	"0"	"0"	"4e-04"
"Control_g180_1_2"	"0"	"0"	"0"	"0"	"0"	"0"	"0"	"0"	"0"	"4e-04"
"Gr_g66_4_2"	"0"	"0"	"0"	"0"	"0"	"0"	"0"	"0"	"0"	"4e-04"
"Or_g37_5_2"	"0"	"0"	"0"	"0"	"0"	"0"	"0"	"0"	"0"	"4e-04"
"P450_g42_1_4"	"0"	"0"	"0"	"0"	"0"	"0"	"0"	"0"	"0"	"4e-04"
"PMT_327_1_1"	"0"	"0"	"0"	"0"	"0"	"0"	"0"	"0"	"0"	"4e-04"
"P450_g18_1_6"	"0"	"0"	"0"	"0"	"0"	"0"	"0"	"0"	"0"	"4e-04"
"P450_g64_4_2"	"0"	"0"	"0"	"0"	"0"	"0"	"0"	"0"	"0"	"4e-04"
"Control_g147_6_4"	"0"	"0"	"0"	"0"	"0"	"0"	"0"	"0"	"0"	"3e-04"
"IR_g10_1_4"	"0"	"0"	"0"	"0"	"0"	"0"	"0"	"0"	"0"	"3e-04"
"IR_g10_2_7"	"0"	"0"	"0"	"0"	"0"	"0"	"0"	"0"	"0"	"3e-04"
"Control_g78_4_19"	"0"	"0"	"0"	"0"	"0"	"0"	"0"	"0"	"0"	"3e-04"
"Or_g50_6_1"	"0"	"0"	"0"	"0"	"0"	"0"	"0"	"0"	"0"	"3e-04"
"P450_g19_3_2"	"0"	"0"	"0"	"0"	"0"	"0"	"0"	"0"	"0"	"3e-04"
"P450_g64_2_4"	"0"	"0"	"0"	"0"	"0"	"0"	"0"	"0"	"0"	"2e-04"
"Control_g189_3_2"	"0"	"0"	"0"	"0"	"0"	"0"	"0"	"0"	"0"	"2e-04"
"Or_g36_3_1"	"0"	"0"	"0"	"0"	"0"	"0"	"0"	"0"	"0"	"2e-04"
"P450_g31_2_6"	"0"	"0"	"0"	"0"	"0"	"0"	"0"	"0"	"0"	"2e-04"
"Control_g166_6_3"	"0"	"0"	"0"	"0"	"0"	"0"	"0"	"0"	"0"	"2e-04"
"P450_g64_1_1"	"0"	"0"	"0"	"0"	"0"	"0"	"0"	"0"	"0"	"1e-04"
"Control_g180_4_3"	"0"	"0"	"0"	"0"	"0"	"0"	"0"	"0"	"0"	"0"
"Control_g180_2_2"	"0"	"0"	"0"	"0"	"0"	"0"	"0"	"0"	"0"	"0"
"Gr_g56_7_1"	"0"	"0"	"0"	"0"	"0"	"0"	"0"	"0"	"0"	"0"
"Control_g18_6_3"	"0"	"0"	"0"	"0"	"0"	"0"	"0"	"0"	"0"	"0"
"Control_g30_6_31"	"0"	"0"	"0"	"0"	"0"	"0"	"0"	"0"	"0"	"0"
"P450_g64_7_1"	"0"	"0"	"0"	"0"	"0"	"0"	"0"	"0"	"0"	"0"
"IR_g10_7_3"	"0"	"0"	"0"	"0"	"0"	"0"	"0"	"0"	"0"	"0"
"PMT_459_1_1"	"0"	"0"	"0"	"0"	"0"	"0"	"0"	"0"	"0"	"0"
"P450_g45_9_2"	"0"	"0"	"0"	"0"	"0"	"0"	"0"	"0"	"0"	"0"
